{
    "estudiantes":[
        {
            "Id":1,
            "Nombre":"Luis",
            "Apellido":"Sanchez",
            "Nota1":10,
            "Nota2":12,
            "PromedioDeNotas": 11,
            "Observaciones":""
        },
        {
            "Id":2,
            "Nombre":"Miguel",
            "Apellido":"Vela",
            "Nota1": 11,
            "Nota2":15,
            "PromedioDeNotas":13,
            "Observaciones":""
        },
        {
            "Id":3,
            "Nombre":"Jose",
            "Apellido":"Mariategui",
            "Nota1":12,
            "Nota2":20,
            "PromedioDeNotas":16,
            "Observaciones":""
        },
        {
            "Id":4,
            "Nombre":"Carlos",
            "Apellido":"Reategui",
            "Nota1":15,
            "Nota2":20,
            "PromedioDeNotas":17.5,
            "Observaciones":""
        },
        {
            "Id":5,
            "Nombre":"Juan",
            "Apellido":"Sanchez",
            "Nota1":10,
            "Nota2":18,
            "PromedioDeNotas":14,
            "Observaciones":""
        },
        {
            "Id":6,
            "Nombre":"Antonio",
            "Apellido":"Peres",
            "Nota1":8,
            "Nota2":14,
            "PromedioDeNotas":11,
            "Observaciones":""
        },
        {
            "Id":7,
            "Nombre":"Antony",
            "Apellido":"Culqui",
            "Nota1":9,
            "Nota2":10,
            "PromedioDeNotas":9.5,
            "Observaciones":""
        },
        {
            "Id":8,
            "Nombre":"Maria",
            "Apellido":"Maldonado",
            "Nota1":10,
            "Nota2":8,
            "PromedioDeNotas":9,
            "Observaciones":""
        }
        
    ]
}